{
    "train": {
        "accuracy": 1.0554288696402154,
        "loss": 0.03794100895490771
    },
    "val": {
        "accuracy": 1.1636459224395281,
        "loss": 0.587916369701115
    },
    "step": 1
}
