step	accuracy
0	0.0028338986721997417
1	1.0554288696402154
