step	loss
0	1.2611616794353222
1	0.03794100895490771
